portal,operacion,url,titulo,tipo_inmueble,barrio,precio_moneda,precio_valor,gastos_comunes,dormitorios,banos,m2
Veocasas,venta,https://veocasas.com/properties/cmg83yp1801xw1igyjnmv2zvd,APARTAMENTO EN PUERTO DEL BUCEO,Apartamento,Buceo,USD,665000,40000,3,3,
Veocasas,venta,https://veocasas.com/properties/cms56inp600h8hcc06qy0odjz,Monoambiente Nostrum Malvín,Apartamento,Malvín,USD,108086,,0,1,
Veocasas,venta,https://veocasas.com/properties/cmlbyv6fw00dq62clktvbm5n3,Apartamento a estrenar de 1 dormitorio en Parque Batlle,Apartamento,Parque Batlle,USD,146500,4000,1,1,54.0
Veocasas,venta,https://veocasas.com/properties/cmp3pmunn223fyw2ks8cqsskv,Espectacular casa en el Pocitos Nuevo,Casa,Pocitos Nuevo,USD,890000,,4,3,534.0
Veocasas,venta,https://veocasas.com/properties/cms39y7xu0319car0mme475m2,"Apartamento Duplex con Balcón en Venta en Unión, Montevideo",Apartamento,Unión,USD,80000,7500,2,1,
Veocasas,venta,https://veocasas.com/properties/cmrv44ht602cc5os3eov21bxb,Venta Oficina en Tres Cruces,Oficina,Tres Cruces,USD,95000,6970,,,
Veocasas,venta,https://veocasas.com/properties/cmoiilm2b00f36dewpj0yj2in,"Apartamento en venta de 2 dormitorios en Torres Nuevo Centro – Piso 17, vista despejada",Apartamento,Centro,USD,179900,9500,2,1,
Veocasas,venta,https://veocasas.com/properties/cmoipqnal00pwr5143bsfrpjj,Venta y Alquiler casa Ph 3 dormitorios + barbacoa en Jardines de Carrasco - Ref 709,Casa,Carrasco,USD,850000,,3,3,352.0
Veocasas,venta,https://veocasas.com/properties/cmqshcju404681lbtwp7bn8ci,Venta apartamento 3 dormitorios con balcón y patio (alquilado). Tres Cruces,Apartamento,Tres Cruces,USD,146500,4500,3,1,103.1
Veocasas,venta,https://veocasas.com/properties/cmpljkdr53yjojwui05mbq4i8,Apartamento en venta de 3 dormitorios y 3 baños en LIV District Carrasco,Apartamento,Carrasco,USD,479000,15000,3,2,
Veocasas,venta,https://veocasas.com/properties/cmrv4cuvn02a672d85j2yyfc7,Casa Venta 3 Dormitorios Fondo Parrillero Garaje Buceo,Casa,Buceo,USD,340000,,3,3,443.0
Veocasas,venta,https://veocasas.com/properties/cmig20p7o0apvjqifkbi2k355,Apartamento en Venta Penthouse 4 Dormitorios Calefacción Garaje Estufa a Leña Punta Carretas,Apartamento,Punta Carretas,USD,469000,24000,4,3,184.0
Veocasas,venta,https://veocasas.com/properties/cmrp7md3g01tz42mhn98slrwd,Acercate a conocer este apartamento de  2 dormitorios con terraza de 13 m2 y sol,Apartamento,,USD,229000,6400,2,1,
Veocasas,venta,https://veocasas.com/properties/cmri1s0uc0eyssffwvsugx371,Independiente con patio y opción de garage,Garage,,USD,128000,800,2,2,65.0
Veocasas,venta,https://veocasas.com/properties/cmo3412zc071n9xbn40kqsci7,"Apartamento en Rambla Pocitos con vista al mar, 3 dormitorios + servicio y garage",Apartamento,Pocitos,USD,515000,32500,3,3,
Veocasas,venta,https://veocasas.com/properties/cmhb0xcfu003ic43xidxdpg6o,Venta apartamento de 3 dormitorios + 2 garajes - Terrazas del Polo - Ref 1373,Apartamento,,USD,540000,,3,3,
Veocasas,venta,https://veocasas.com/properties/cmrjmp1rf0h0c2h22owl48d3o,Apartamento en Venta en Cordon Sur  dormitorios  baños con balcon al frente,Apartamento,Cordón Sur,USD,248700,15000,3,2,101.0
Veocasas,venta,https://veocasas.com/properties/cmoez8wbw0cxa23vyk8hook7a,Divino Apto Planta Baja con Patio a metros de Rambla Playa Honda,,,USD,378000,12800,3,4,
Veocasas,venta,https://veocasas.com/properties/cmovsqslb0323j0qraw6bgmmw,"TORRES DEL PRADO | Confort, vistas y amenities premium",,Prado,USD,298000,20000,3,2,
Veocasas,venta,https://veocasas.com/properties/cmo5zrz9d5u47fumtf6xxlqwc,Venta Valor Llave Peluquería unisex en Buceo,,Buceo,USD,6900,2100,,,
Veocasas,venta,https://veocasas.com/properties/cmosrsfjn1y17r7kfcntav29h,"DELTA Blanes  Ubicación y calidad , inversión segura.",,,USD,133000,,1,1,
Veocasas,venta,https://veocasas.com/properties/cmpfuw6qq008zjwui9reiei1j,Espectacular apto 1 dormitorio Piso alto Gran terraza y vistas abiertas,Piso,,USD,161500,4500,1,1,
Veocasas,venta,https://veocasas.com/properties/cmr16ka8502m1rbqrmikllkh7,Apartamento 2 dormitorios en piso alto. Terraza y vista.,Apartamento,,USD,194000,6000,2,1,
Veocasas,venta,https://veocasas.com/properties/cmiewawme00dwe7x8kr2wkho4,Estupendo apartamento de 2 dormitorios con terraza,Apartamento,,USD,174600,6500,2,1,
Veocasas,venta,https://veocasas.com/properties/cmrds1s1k00039tqwlu2ckf5j,Monoambiente  con terraza 4 m2 Amenities con piscina,Apartamento,,USD,116000,,0,1,
Veocasas,venta,https://veocasas.com/properties/cmqgxa1qv03rxxez82d6b8chf,"CASA PADRÓN ÚNICO EN PRADO NORTE | AMPLITUD, PORTE Y GRAN TERRENO",Casa,Prado,USD,245000,,3,2,563.0
Veocasas,venta,https://veocasas.com/properties/cmqshcf3o04501lbtejqn5tzm,"Venta apartamento 1 dormitorio alquilado. Malvín sobre Av. Italia. - Rentabilidad anual 6,65%",Apartamento,Malvín,USD,83500,2600,1,1,48.5
Veocasas,venta,https://veocasas.com/properties/cmq9iwomi01m0t7tdkds8ih1u,"Venta de Apartamento en Villa Biarritz 10291, Punta Carretas, de 2 dormitorios, en piso alto con vista al mar",Apartamento,Punta Carretas,USD,520000,12000,2,2,1.0
Veocasas,venta,https://veocasas.com/properties/cmp5fcybs3xexdomwylaurqwh,"Casa en venta en Carrasco 10258, amplia, con gran terreno, piscina, barbacoa y casa independiente al fondo",Casa,Carrasco,USD,980000,,6,5,885.0
Veocasas,venta,https://veocasas.com/properties/cmqshclrf046q1lbtc3y9hbso,Venta apartamento 3 dormitorios  al frente. Tres Cruces (Alquilado),Apartamento,Tres Cruces,USD,142500,4500,3,1,104.8
Veocasas,venta,https://veocasas.com/properties/cmoken8s102d7132qi7iyzfgt,Venta/Alquiler apartamento 1 dormitorio + garaje Pocitos Nuevo - Ref 143,Apartamento,Pocitos Nuevo,USD,195000,8000,1,1,
Veocasas,venta,https://veocasas.com/properties/cmq6aixk941dlgi7gajf6cpgy,Apartamento de 1 dormitorio con terraza en venta,Apartamento,,USD,198800,,1,1,59.0
Veocasas,venta,https://veocasas.com/properties/cmr27icrk08nv18umek4rt58s,"Venta De Apartamento Al Frente. 2 Dormitorios, Amplios Ventanales y Terrazas. Moderno Edificio. Puerto Del Buceo!",Apartamento,Buceo,USD,215000,,2,1,
Veocasas,venta,https://veocasas.com/properties/cmr27icbi08np18umjd8wjjum,"Venta De Apartamento Al Frente. 1 Dormitorio, Amplios Ventanales. Moderno Edificio. Puerto Del Buceo!",Apartamento,Buceo,USD,199000,,1,1,
Veocasas,venta,https://veocasas.com/properties/cmr27ic3b08nm18umlclkt2ai,"Venta en JOY Montevideo, 2 dormitorios, 2 baños, amenities, seguridad",,,USD,325000,19000,2,2,
Veocasas,venta,https://veocasas.com/properties/cmlhon3pg00iwj32h2yivdoce,Casa de 4 dormitorios en venta en Prado,Casa,Prado,USD,290000,,4,2,247.0
Veocasas,venta,https://veocasas.com/properties/cmr27icjq08ns18ummb8hlnbx,"Venta De Apartamento Al Frente. 1 Dormitorio, Amplios Ventanales. Moderno Edificio. Puerto Del Buceo!",Apartamento,Buceo,USD,171000,,1,1,
Veocasas,venta,https://veocasas.com/properties/cmr0ztmy106fl18umw4flgwjt,VENTA APARTAMENTO DOS DORMITORIOS CENTRO AMENITIES,Apartamento,Centro,USD,172000,11300,2,1,
Veocasas,venta,https://veocasas.com/properties/cmqs9ycdm048ey4fvkq6poql4,"Venta Apartamento en Ciudad Vieja , 4 habitaciones 3 baños y gran potencial",Apartamento,Ciudad Vieja,USD,158000,3800,4,3,
Veocasas,venta,https://veocasas.com/properties/cmmz6j9bt00z0o81ql36587ps,Apartamento en Venta Carrasco Norte 3 Dormitorios con Gran Jardín y 2 Garajes – Edificio Preludio,Apartamento,Carrasco Norte,USD,420000,1111,3,2,
Veocasas,venta,https://veocasas.com/properties/cmph7ta1r00whx4stjc33w32d,Venta apartamento a estrenar de 2 dormitorios + garaje Barrio Parques - Ref 2211,Apartamento,,USD,450000,12500,2,2,
Veocasas,venta,https://veocasas.com/properties/cmhdlq2ru0086g54fh42xot8j,Apartamento en venta en Pocitos a metros de la Rambla | Ideal inversión | Con renta,Apartamento,Pocitos,USD,125000,3500,0,1,
Veocasas,venta,https://veocasas.com/properties/cmq6aixkz41dqgi7g191oa687,Apartamento de 1 dormitorio en piso alto en venta,Apartamento,,USD,165800,,1,1,49.0
Veocasas,venta,https://veocasas.com/properties/cmnxscp6s03zd7meq4rwmfept,Casa en Venta Prado / Atahualpa | Terreno 585 m² | Gran Potencial de Reciclaje o Inversión,Casa,Atahualpa,USD,319000,,5,3,285.0
Veocasas,venta,https://veocasas.com/properties/cmp552l08004z8j6muppg515g,"Venta casa 5 dormitorios, fondo verde con parrillero, 2garajes, Puerto del Buceo",Casa,Buceo,USD,960000,,5,5,270.0
Veocasas,venta,https://veocasas.com/properties/cmljod52m000fnb7fbrloj6mf,"Venta apartamento tres dormitorios, DOBLE GARAGE, terraza con parrillero - Carrasco Norte",Apartamento,Carrasco Norte,USD,369000,,3,2,108.0
Veocasas,venta,https://veocasas.com/properties/cmq0wwrh640l612c3as8gk8v9,A estrenar Apartamento 2 dormitorios con patio y garage doble al frente,Apartamento,,USD,185000,6000,2,1,
Veocasas,venta,https://veocasas.com/properties/cmod9zn4t27ml7meq6kadkacu,Venta Apartamento 2 dormitorios con garaje en rambla barra de Carrasco,Apartamento,Carrasco,USD,269000,200,2,1,75.3
Veocasas,venta,https://veocasas.com/properties/cmlf8pzsl005t12i8ak38wk2k,VENTA APARTAMENTO PUERTO DE BUCEO 3 SUITES  SERVICIO 2 GARAGES VISTA,Apartamento,Buceo,USD,745000,34000,3,5,
Veocasas,venta,https://veocasas.com/properties/cmpw40l2l00mh1n2oynxxfeeb,1 dormitorio interior en Pocitos,,Pocitos,USD,124100,,1,1,36.0
Veocasas,venta,https://veocasas.com/properties/cmpnpsw1j03v7m34n4knl4q37,Venta de excelente casa de oficinas en Punta Gorda,Casa,Punta Gorda,USD,1500000,,,,3000.0
Veocasas,venta,https://veocasas.com/properties/cmpr13y8w0cfa3i87np1c7g67,"Venta Apartamento 2 Dormitorios en Cordón Sur | Piso Alto, Vista Despejada y Gran Potencial",Apartamento,Cordón Sur,USD,113000,6800,2,1,
Veocasas,venta,https://veocasas.com/properties/cmm2433r1000bi08ngmzmkeuu,"CASABLANCA -PADRÓN ÚNICO, DESARROLLADA EN 2 PLANTA.",Casa,,USD,540000,,4,2,
Veocasas,venta,https://veocasas.com/properties/cmovu01jr0254dnxbvbku78xu,"Exclusiva casa en Venta 4 dormitorios + servicio en Barrio Ombúes, San Nicolás - Ref 2201",Casa,,USD,1850000,,4,5,644.0
Veocasas,venta,https://veocasas.com/properties/cmmf7i61300prk77blpz6ivsh,Casa Venta 5 Dormitorios 3 Baños 2 Garajes Fondo Parrillero,Casa,,USD,850000,,5,3,445.0
Veocasas,venta,https://veocasas.com/properties/cmpegw111011sk5848m1eg54k,Excelente Casa Venta 5 Dormitorios Piscina Parrillero Garaje x 4 Carrasco,Casa,Carrasco,USD,1800000,,5,4,836.0
Veocasas,venta,https://veocasas.com/properties/cmp4q2hqk03igm5x9u0hld7fx,"Apartamento en Pocitos de 2 Dormitorios, 2 baños, Balcón y Garaje doble",Apartamento,Pocitos,USD,297000,10500,2,2,
Veocasas,venta,https://veocasas.com/properties/cmmf7hvx700n3k77bmfjcbsua,Venta Apartamento 2 Dormitorios Balcón Amenities Nostrum Garden - Prado,Apartamento,Prado,USD,146061,,2,1,54.0
Veocasas,venta,https://veocasas.com/properties/cmmf7ns64023pk77b0nt75vsv,Venta de Apartamento 3 dormitorios en la Lago Calcagno Amenities Garaje.,Apartamento,,USD,290000,,3,2,84.0
Veocasas,venta,https://veocasas.com/properties/cmmf7fww9005bk77bsx0fptgr,Venta Departamento 3 Dormitorios Barbacoa Exclusiva Penthouse Amenities Rambla - Carrasco,,Carrasco,USD,1895000,,3,4,313.0
Veocasas,venta,https://veocasas.com/properties/cmmf7oazk028ik77bsu98796y,Venta Apartamento 2 Dormitorios en Barrio Parque Carrasco Amenities Garaje,Apartamento,Carrasco,USD,589000,,2,2,116.0
Veocasas,venta,https://veocasas.com/properties/cmoixmtz000xyotd7mivdl44l,Apartamento Venta 2 Dormitorios al Frente con Renta Barbacoa Centro,Apartamento,Centro,USD,165600,8000,2,1,84.0
Veocasas,venta,https://veocasas.com/properties/cmnxi0hco03xixu8vvd4xf3dn,"Venta De Casa En Parque Batlle, 3 Dormitorios, Barbacoa y Piscina",Casa,Parque Batlle,USD,405000,,3,2,300.0
Veocasas,venta,https://veocasas.com/properties/cmmf7fsdg0047k77bopvxvmih,Venta Apartamento 3 Dormitorios Suite a Estrenar Piscina Amenities Premium - Villa Biarritz,Apartamento,,USD,510590,,3,3,141.0
Veocasas,venta,https://veocasas.com/properties/cmoblahak26s77meqv7z0dqay,Apartamento al frente 1 dormitorio con garage,Apartamento,,USD,149000,4200,1,1,45.0
Veocasas,venta,https://veocasas.com/properties/cmli7upcb000iq87dqp2u8313,Pocitos 1 dormitorio con patio venta,,Pocitos,USD,175000,6000,1,1,66.0
Veocasas,venta,https://veocasas.com/properties/cmmtik1cv03mpwf2nm8uj9mbc,Muy linda casa a estrenar en Barrio Parques - Ref 2137,Casa,,USD,1600000,,4,6,618.0
Veocasas,venta,https://veocasas.com/properties/cmmf7fstt004bk77but2o1353,Venta de Casa 3 DORMITORIOS Barbacoa  Garaje Malvin,Casa,Malvín,USD,335000,,3,2,210.0
Veocasas,venta,https://veocasas.com/properties/cmolry45p00gtgvkagpbmswbj,Venta apartamento reciclado de 2 dormitorios y 2 baños en Cordón / Centro - con balcón,Apartamento,Centro,USD,149000,4500,2,2,
Veocasas,venta,https://veocasas.com/properties/cmogeomkz0dev23vyy6rmri4o,Apartamento 2 Dorm en Pozo | More Pocitos | Gómez Platero | Entrega 2028,Apartamento,Pocitos,USD,263000,,2,2,
Veocasas,venta,https://veocasas.com/properties/cmny0eid93uiafumt0yl8amed,Venta apartamento 2 dormitorios con patio en Cordón / Tres Cruces – Planta baja reciclada,Apartamento,Tres Cruces,USD,114900,2650,2,1,
Veocasas,venta,https://veocasas.com/properties/cmnrthgeg007qm9jv2qdrj76o,Monoambiente a estrenar en venta con renta inmediata 5.5% rentabilidad anual- Malvin,Apartamento,Malvín,USD,115000,3000,0,1,
Veocasas,venta,https://veocasas.com/properties/cmnqteiqq008m7meq2fe0goof,Venta Apartamento 3 Dormitorios Villa Biarritz | Bilú Biarritz Frente Parque y Rambla,Apartamento,,USD,510590,,3,4,
Veocasas,venta,https://veocasas.com/properties/cmosa3y8d00fzw9wa17465zae,Apartamento de 3 dormitorios en venta en Carrasco,Apartamento,Carrasco,USD,500000,15000,3,4,205.0
Veocasas,venta,https://veocasas.com/properties/cmknofyos00eaz6m6u2tspo4h,Casa de 2 dormitorios a estrenar en Housing cerrado,Casa,,USD,219300,8000,2,1,70.0
Veocasas,venta,https://veocasas.com/properties/cmhuttzdp00lmzqsyvzqsdwis,Venta casa 3 dormitorios + servicio completo con piscina - Prado - Ref 399,Casa,Prado,USD,670000,,3,4,1136.0
Veocasas,venta,https://veocasas.com/properties/cmmf7o8kl027wk77b5e5yd4rt,Venta Apartamento 1 Dormitorio Balcón Amenities Nostrum Garden - Prado,Apartamento,Prado,USD,134352,,1,1,38.0
Veocasas,venta,https://veocasas.com/properties/cmnduls9r1vuxwykg743v30i6,Casa en Punta Carretas,Casa,Punta Carretas,USD,495000,,3,3,134.0
Veocasas,venta,https://veocasas.com/properties/cmmfah9sh003zgc1v4371xsl5,Casa 5 Dormitorios en Barrio Los Olivos: Divino Fondo y Piscina,Casa,,USD,1590000,,5,4,
Veocasas,venta,https://veocasas.com/properties/cmmojspy800ro6g1p1psk23nt,VENTA CON RENTA apartamento 1 dorm piso alto con gran terraza lateral gge Pocitos Nuevo impecable,Apartamento,Pocitos Nuevo,USD,202000,6870,1,,82.0
Veocasas,venta,https://veocasas.com/properties/cmlv10cnm0038f5nnl8tmumzk,Venta apartamento monoambiente en Cordón,Apartamento,Cordón,USD,113000,6000,1,1,47.0
Veocasas,venta,https://veocasas.com/properties/cmh0os10t05n24dxka1jc866r,Casa 3 dormitorios al lago - Proyecto Marinas Carrasco - Ref 1173,Casa,Carrasco,USD,700000,12000,3,3,296.2
Veocasas,venta,https://veocasas.com/properties/cmln6t40g002l2z4j8p90oh37,Espléndido Penthouse Duplex con Piscina en Carrasco,,Carrasco,USD,1560000,40000,3,4,240.0
Veocasas,venta,https://veocasas.com/properties/cminhbvnt0004bw246bgr7wrg,Venta Terreno Corazón De Pocitos,Terreno,Pocitos,USD,780000,,,,206.0
Veocasas,venta,https://veocasas.com/properties/cmgfmkqts01ad9d8vbqhxc1n3,Espectacular Casa a la Venta con Renta en San Nicolás,Casa,,USD,1750000,28500,3,3,1050.0
Veocasas,venta,https://veocasas.com/properties/cmgfaw71m03nihvauo9vxy9em,Elegante casa a la venta en centro de Carrasco,Casa,Carrasco,USD,1390000,,4,5,1220.0
Veocasas,venta,https://veocasas.com/properties/cmr6lf8sc03ovnljclry6h1rc,casa PH en pocitos con patio,Casa,Pocitos,USD,149000,,2,1,
Veocasas,venta,https://veocasas.com/properties/cms8z17ni02mkhcc0nykl1ron,"Apartamento en venta en Pocitos 621, en Edificio Torre Sábato, de 3 dormitorios, con terraza y vista despejada",Apartamento,Pocitos,USD,380000,24000,3,3,110.0
Veocasas,venta,https://veocasas.com/properties/cmgkw83p90zfbsi7s1653diya,"Apartamentos en venta 1 dormitorio sobre Franzini, Pocitos.",Apartamento,Pocitos,USD,213350,,1,1,59.0
Veocasas,venta,https://veocasas.com/properties/cmgkw84xr0zkbsi7s02tozax7,Apartamento de 1 dormitorio en piso alto en venta,Apartamento,,USD,155800,,1,1,42.0
Veocasas,venta,https://veocasas.com/properties/cmgkw888d0zvvsi7sjkivpbg9,Apartamento en venta de 1 dormitorio en Malvin,Apartamento,Malvín,USD,152000,,1,1,55.0
Veocasas,venta,https://veocasas.com/properties/cmgkw88980zvzsi7sw1huwjdy,Venta de apartamento de 1 dormitorio en Malvin,Apartamento,Malvín,USD,153000,,1,1,56.0
Veocasas,venta,https://veocasas.com/properties/cmgkw88am0zw3si7s57fjthfk,En venta apartamento de 2 dormitorios en Malvin,Apartamento,Malvín,USD,225000,,2,2,84.0
Veocasas,venta,https://veocasas.com/properties/cmgkw8ct31073si7s98io1q32,Monoambiente con patio exclusivo en pocitos,Apartamento,Pocitos,USD,159900,,0,1,53.0
Veocasas,venta,https://veocasas.com/properties/cmgkw8cyi107nsi7so41kpzfe,Apartamento a estrenar de 1 dormitorio con amenities en piso alto en Cordon sobre la calle rodó,Apartamento,Cordón,USD,126750,3611,1,1,44.0
Veocasas,venta,https://veocasas.com/properties/cmq95eoiq21q9wh3kfn7ujts2,Apartamento de 1 dormitorio a estrenar en venta,Apartamento,,USD,148900,,1,1,43.0
Veocasas,venta,https://veocasas.com/properties/cmknofyo200e6z6m6fy2ljrv7,Casa de 2 dormitorios con patio a estrenar en Carrasco Norte,Casa,Carrasco Norte,USD,219300,8000,2,1,70.0
Veocasas,venta,https://veocasas.com/properties/cmlbyv6f100dm62clbzb4efvp,Apartamento de 2 dormitorios a estrenar en Parque Batlle,Apartamento,Parque Batlle,USD,195955,6000,2,1,76.0
Veocasas,venta,https://veocasas.com/properties/cmp552edj003k8j6m5xhokvk5,Venta Casa en PH 2 Dormitorios. con Gran Patio – Sin Gastos Comunes – Colón,Casa,Colón,USD,69900,,2,1,195.0
Veocasas,alquiler,https://veocasas.com/properties/cms91hkhw07bo30tc8jpqofup,Apartamento amoblado en alquiler,Apartamento,,USD,1000,6000,1,1,
Veocasas,alquiler,https://veocasas.com/properties/cmrg0m8bi46f5dxg055nl64x9,Apartamento de 1 dormitorio en alquiler en Parque Batlle con amenities,Apartamento,Parque Batlle,UYU,29700,3810,1,1,60.0
Veocasas,alquiler,https://veocasas.com/properties/cmrg0m8c846fadxg0wnvx0vto,Apartamento de 1 dormitorio en Pocitos,Apartamento,Pocitos,USD,1200,5420,1,1,60.0
Veocasas,alquiler,https://veocasas.com/properties/cms7fmhvi06o5pfvoqpibg6hj,"Alquiler Apartamento de 1 Dormitorio a Estrenar en Tres Cruces, a 1 Minuto de la Terminal Shopping - $27.000",Apartamento,Tres Cruces,UYU,27000,1500,1,1,64.0
Veocasas,alquiler,https://veocasas.com/properties/cmrel6h8444wodxg0x6fuwxv6,Apartamento a estrenar de 1 dormitorio amoblado en Parque Rodó,Apartamento,Parque Rodó,USD,1490,5400,1,1,82.0
Veocasas,alquiler,https://veocasas.com/properties/cmpz5bki8010z2498q6xbs17i,Apartamento de 1 dormitorio con balcón,Apartamento,,UYU,26900,3900,1,1,45.0
Veocasas,alquiler,https://veocasas.com/properties/cmr60jdfv03qlyqynwqljcd4y,Apartamento a estrenar de 2 dormitorios amoblado en Parque Rodó,Apartamento,Parque Rodó,USD,1990,6900,2,2,101.0
Veocasas,alquiler,https://veocasas.com/properties/cmqdfqh9u3j79erhdqge4kf0h,Alquiler de oficina a pasos de Plaza Matríz,Oficina,,UYU,10000,,,,25.0
Veocasas,alquiler,https://veocasas.com/properties/cmgkw81oc0z6zsi7sc3a01kxd,Apartamento de 2 dormitorios en alquiler la Blanqueada con amenities,Apartamento,La Blanqueada,UYU,36000,5500,2,1,65.0
Veocasas,alquiler,https://veocasas.com/properties/cmq5dao3601ekmjkobk6b4p9p,Alquiler Monoambiente en Punta Carretas.,Apartamento,Punta Carretas,UYU,22500,3000,0,1,
Veocasas,alquiler,https://veocasas.com/properties/cmpwafy8p01z3dzh435gk3ife,Apartamento de 1 dormitorio en alquiler la blanqueada,Apartamento,La Blanqueada,UYU,28500,4500,1,1,45.0
Veocasas,alquiler,https://veocasas.com/properties/cmpz5bkgp010p2498dmnja3t9,Apartamento de 1 dormitorio amoblado en Pocitos,Apartamento,Pocitos,USD,1050,8800,2,2,65.0
Veocasas,alquiler,https://veocasas.com/properties/cmrw9x6ce07ik10scoqsbwjzp,Venta y Alquiler casa Ph 3 dormitorios + barbacoa en Jardines de Carrasco - Ref 709,Casa,Carrasco,USD,3900,,3,3,352.0
Veocasas,alquiler,https://veocasas.com/properties/cmps04aa200lb118i7peusga5,Apartamento de 1 dormitorio en alquiler,Apartamento,,UYU,28000,4500,1,1,45.0
Veocasas,alquiler,https://veocasas.com/properties/cmrv6i5lf02wepkh29b1n2opi,Apartamento en alquiler amueblado y equipado en Pocitos 1 dormitorio,Apartamento,Pocitos,UYU,40000,5770,1,1,
Veocasas,alquiler,https://veocasas.com/properties/cmmejrhnp00nn126vf2rxtvri,Apartamento de 1 dormitorio en alquiler en Centro,Apartamento,Centro,UYU,33000,14150,1,1,58.0
Veocasas,alquiler,https://veocasas.com/properties/cmn8k02qb1ssn83bl53dfxsgk,Apartamento en alquiler de 1 dormitorio en Cordón,Apartamento,Cordón,UYU,29700,4500,1,1,45.0
Veocasas,alquiler,https://veocasas.com/properties/cmo14qrfq5rdy6mny5bj6s884,Apartamento de 2 dormitorios en alquiler a estrenar,Apartamento,,UYU,42500,6500,2,1,60.0
Veocasas,alquiler,https://veocasas.com/properties/cmob4tuit00z0dfl1tvvqh3uq,Apartamento de 1 dormitorio en alquiler con garaje,Apartamento,,UYU,28000,5000,1,1,55.0
Veocasas,alquiler,https://veocasas.com/properties/cmrfeivxj4ap410p0cjm8r0l1,ALQUILER CASA CARRASCO 5 DORMITORIOS PISCINA BARBACOA,Casa,Carrasco,USD,5500,,4,4,888.0
Veocasas,alquiler,https://veocasas.com/properties/cmr27iea708og18umq6yn6il3,Alquiler De Loft  Al Frente Con Balcón y Garage. Pocitos Nuevo,Garage,Pocitos Nuevo,UYU,32000,4000,0,1,
Veocasas,alquiler,https://veocasas.com/properties/cmr27iduq08oa18um4kzovlvr,"Alquiler De Apartamento 2 Dormitorios, Amoblado Con Garage, Piso Alto. Edificio JOY Montevideo!",Apartamento,,USD,2500,20000,2,2,
Veocasas,alquiler,https://veocasas.com/properties/cmr27iczb08ny18umox2t88j5,"Alquiler De Apartamento Amueblado, 2 Dormitorios 2  Baños y Garage, JOY Montevideo",Apartamento,,USD,2500,20000,2,2,
Veocasas,alquiler,https://veocasas.com/properties/cmp48k5oy3yz8cmqtx17od1wo,ALQUILER APARTAMENTO 2 DORMITORIOS CON GARAJE EN BE PARK LIFE – FRENTE AL PARQUE RIVERA,Apartamento,,UYU,36000,7500,2,1,
Veocasas,alquiler,https://veocasas.com/properties/cmpwafy9f01z8dzh44rigg1wp,Alquiler de monoambiente en La Blanqueada,Apartamento,La Blanqueada,UYU,21300,4000,0,1,35.0
Veocasas,alquiler,https://veocasas.com/properties/cmqr1ucps03fwwqcifg76lwfs,Apartamento amoblado un dormitorio,Apartamento,,UYU,25000,5800,1,1,38.0
Veocasas,alquiler,https://veocasas.com/properties/cmppxzssd237wx4sttmotcsq4,IMPONENTE LOCAL COMERCIAL  A ESTRENAR,Local Comercial,,UYU,390000,,,,
Veocasas,alquiler,https://veocasas.com/properties/cmol4wr6901ngq3izoycb3tre,Casa con destino oficina en alquiler en muy buena zona de Buceo con cocheras,Casa,Buceo,UYU,170000,,,,538.0
Veocasas,alquiler,https://veocasas.com/properties/cmohanz0945q37meq7pwj4620,Alquilo apartamento 1 dormitorio en Cordon Sur,Apartamento,Cordón Sur,UYU,28000,,1,1,1.0
Veocasas,alquiler,https://veocasas.com/properties/cmoc2ex7j3uf3g2r1lm3odzph,"Alquiler apartamento 1 dormitorio con terraza en Tres Cruces, Montevideo",Apartamento,Tres Cruces,UYU,30500,4000,1,1,42.0
Veocasas,alquiler,https://veocasas.com/properties/cmmtcojx41nbmfxew4ry5zuch,Apartamento penthouse en alquiler a estrenar en Pocitos | 2 dormitorios (1 en suite) | Gran terraza,Apartamento,Pocitos,USD,1980,6000,2,2,
Veocasas,alquiler,https://veocasas.com/properties/cmmtcbjpi02v54zyr89vqrdm9,Monoambiente en venta en Canelones y Bulevar Artigas | 35 m² | Bajos gastos comunes | Excelente ubic,Apartamento,,UYU,22900,2870,0,1,
Veocasas,alquiler,https://veocasas.com/properties/cmmc7dzpi0023fb201mjqqinc,Local comercial premium en esquina sobre Rambla Perú – Ideal automotriz y gastronomía,Local Comercial,,USD,8000,11111,,,175.0
Veocasas,alquiler,https://veocasas.com/properties/cmi7320vl009bcdxpm6e3xywn,Alquiler apartamento 1 dormitorio a estrenar en Pocitos.,Apartamento,Pocitos,UYU,36000,6500,1,1,42.0
Veocasas,alquiler,https://veocasas.com/properties/cmr60jdil03r0yqyn01bjj5f9,Apartamento de 1 dormitorio a estrenar en Parque Rodó,Apartamento,Parque Rodó,UYU,39900,3600,1,1,53.0
Veocasas,alquiler,https://veocasas.com/properties/cmrp84ddj02t1563xu80azm6x,Alquiler Apartamento Punta Carretas DELREY PROPIEDADES,Apartamento,Punta Carretas,UYU,65000,12000,2,2,
Veocasas,alquiler,https://veocasas.com/properties/cmqkkxs6f0176hkq6h3zlhsf6,Apartamento de 1 dormitorio en alquiler con terraza en Centro,Apartamento,Centro,UYU,28000,8204,1,1,50.0
Veocasas,alquiler,https://veocasas.com/properties/cmqkkxs84017ghkq6hfcxz0ls,Apartamento de 2 dormitorios con terraza en Centro,Apartamento,Centro,UYU,37260,9875,2,1,61.0
Veocasas,alquiler,https://veocasas.com/properties/cms00sz2e00kg30tcwkb8kdv1,Moderno apartamento en alquiler de 1 dormitorio en Cordón,Apartamento,Cordón,UYU,27500,4500,1,1,50.0
Veocasas,alquiler,https://veocasas.com/properties/cmkgj8fet00b8ki1k0yots6xk,Apartamento en alquiler 2 dormitorios en Centro con terraza,Apartamento,Centro,UYU,65000,16000,2,1,143.0
Veocasas,alquiler,https://veocasas.com/properties/cmkf3rbac00i814m3cz1kun4z,Apartamento de 1 dormitorio en alquiler con garaje,Apartamento,,UYU,30500,4500,1,1,50.0
Veocasas,alquiler,https://veocasas.com/properties/cmr60jdk803rayqynvz8mzuj7,Apartamento de 1 dormitorio amoblado en piso 10 con garaje en Punta Carretas,Apartamento,Punta Carretas,USD,1400,6290,1,1,60.0
Veocasas,alquiler,https://veocasas.com/properties/cmraav1zr05lgfl4qmktvphnf,Apartamento de 1 dormitorio en alquiler La Blanqueada,Apartamento,La Blanqueada,UYU,24900,4500,1,1,50.0
Veocasas,alquiler,https://veocasas.com/properties/cmmloznn100hi3nz764b4pstq,Oportunidad única en Carrasco Sur,,Carrasco,USD,4000,,4,5,600.0
Veocasas,alquiler,https://veocasas.com/properties/cms7fmdjn059eow7emax6xldp,Oportunidad Alquiler Imperdible Apartamento 1 Dormitorio con Balcón en Tres Cruces - Cuarto piso,Apartamento,Tres Cruces,UYU,23000,4900,1,1,34.0
Veocasas,alquiler,https://veocasas.com/properties/cmpqko7de5yqwjwui3eyfxs6j,Alquiler Apartamento a Estrenar - 1 Dormitorio - Garaje incluido - La Blanqueada,Apartamento,La Blanqueada,UYU,28500,4500,1,1,38.0
Veocasas,alquiler,https://veocasas.com/properties/cmmloznbn00fy3nz79fy8srbe,Apartamento sobre la rambla en alquiler,Apartamento,,USD,2000,34000,3,3,10.0
Veocasas,alquiler,https://veocasas.com/properties/cms6ewkb5058530tcaiyc4wh8,Apartamento en alquiler en Cordón,Apartamento,Cordón,UYU,18500,3700,1,,26.0
Veocasas,alquiler,https://veocasas.com/properties/cmrmlfjle00uq42mh0qyc6rlk,apartamento tipo casa con patio privado,Apartamento,,UYU,29000,,2,1,
Veocasas,alquiler,https://veocasas.com/properties/cmrc9yj0b07disffw6cew6v9x,Prox. 18 todo al frente lindo Aire Ropero  Barbacoa bajos gastos op.garaje,,,UYU,24000,3500,1,1,
Veocasas,alquiler,https://veocasas.com/properties/cms541mbd015b122frltficoe,"ALQUILO APTO. DE 1D A ESTRENAR, LA BLANQUEADA.",,La Blanqueada,UYU,28000,4000,1,1,1000.0
Veocasas,alquiler,https://veocasas.com/properties/cmmw7ksvu007a137nh59dr23v,ALQUILER APARTAMENTO PUNTA CARRETAS 1 DORMITORIO GARAJE,Apartamento,Punta Carretas,UYU,41000,5500,1,1,
Veocasas,alquiler,https://veocasas.com/properties/cms00sz0e00k630tcisvmbnbk,Apartamento en Centro en alquiler 1 dormitorio,Apartamento,Centro,UYU,27000,8730,1,1,49.0
Veocasas,alquiler,https://veocasas.com/properties/cmkz3wj7s00crhpgejg7jq2ls,Apartamento en Centro en alquiler 1 dormitorio,Apartamento,Centro,UYU,29500,7500,1,1,48.0
Veocasas,alquiler,https://veocasas.com/properties/cmrzae01w006pkqiraxsb3esg,ALQUILER GRAN LOCAL CENTRO DOS PLANTAS CALLE TRANSITADA,Local,Centro,UYU,80000,,,,180.0
Veocasas,alquiler,https://veocasas.com/properties/cmplvnxa502oqrkg5ldkhz0sj,Divino Apto 2 Dorm con Balcón y Terraza,,,UYU,23500,2400,2,1,
Veocasas,alquiler,https://veocasas.com/properties/cmqjh480z00gcekkywisasooc,ALQUILER FAMILIA O EMPRESA | AMPLIA CASA EN EL PRADO,Casa,Prado,UYU,69000,,3,1,318.0
Veocasas,alquiler,https://veocasas.com/properties/cmrzae0an006rkqirka81dqz8,ALQUILER APARTAMENTO PUNTA CARRETAS UN DORMITORIO PISCINA GIMNASIO,Apartamento,Punta Carretas,UYU,26000,7800,1,1,
Veocasas,alquiler,https://veocasas.com/properties/cmrxk6gy908of10scvwyei86r,Alquiler apartamento 1 dormitorio en Pocitos Nuevo - Ref 39,Apartamento,Pocitos Nuevo,UYU,29000,8000,1,1,
Veocasas,alquiler,https://veocasas.com/properties/cmpveck3z0bp8jmtova2z6tp4,Alquiler apartamento 1 dormitorio y garage en Parque Rodó,Apartamento,Parque Rodó,UYU,27000,4500,1,1,38.0
Veocasas,alquiler,https://veocasas.com/properties/cmraav21y05lqfl4quo2vvxkx,Apartamento de 1 dormitorio con garaje en alquiler La Blanqueada,Apartamento,La Blanqueada,UYU,30900,5000,1,1,50.0
Veocasas,alquiler,https://veocasas.com/properties/cmqv1s9tl066ty4fv8u6u24jg,Penthouse Vista  Categoria Amplio Loza Aires Barbacoa Seguridad,,,UYU,26500,13300,1,1,300.0
Veocasas,alquiler,https://veocasas.com/properties/cmmc7knh5000q5k603ad9irm2,"Alquiler Pocitos Apartamento u oficina , 1 dormitorio con garage",Apartamento,Pocitos,UYU,33000,8300,1,1,
Veocasas,alquiler,https://veocasas.com/properties/cmrus83gy00ov13lzajgbgekp,Diamantis 1 dormitorio Garaje Box Semi amueblado Vista Mar,,,UYU,46000,12500,1,1,646.0
Veocasas,alquiler,https://veocasas.com/properties/cmpziiakr209p12c3omnhzrzj,"ALQUILO MONOAMBIENTE,CENTRO.",Apartamento,Centro,UYU,16000,6500,0,1,
Veocasas,alquiler,https://veocasas.com/properties/cmrpzm55x027q42mhut1ny95s,Alquiler apartamento 1 dormitorio  y cochera Cordon,Apartamento,Cordón,UYU,27500,5000,1,1,38.0
Veocasas,alquiler,https://veocasas.com/properties/cmrpyjn34040cipteld8a4qxy,Alquiler  Apartamento 1 dormitorio y Cochera  CORDON,Apartamento,Cordón,UYU,27500,5000,1,1,38.0
Veocasas,alquiler,https://veocasas.com/properties/cmpz5bkhg010u2498clnkv607,Apartamento de 1 dormitorio amoblado con balcón,Apartamento,,UYU,38400,4540,1,1,45.0
Veocasas,alquiler,https://veocasas.com/properties/cmraauocy05j6fl4qcfp1ypvb,"Oficina frente a Plaza Independencia, moderno edificio, piso medio, porteria 24/7, aire central.",Oficina,,UYU,16000,8980,,,34.0
Veocasas,alquiler,https://veocasas.com/properties/cmr0arkxv0d51wqci4888zm52,Alquiler Monoambiente en Pocitos a tres cuadras de la playa,Apartamento,Pocitos,UYU,22800,3500,0,1,26.0
Veocasas,alquiler,https://veocasas.com/properties/cmr3xjzb101g2dobwh8idgl1w,"ALQUILER APARTAMENTO PUNTA CARRETAS  3 DORM, SERVICIO GGE VISTA",Apartamento,Punta Carretas,USD,1550,21000,3,2,
Veocasas,alquiler,https://veocasas.com/properties/cmpeneiyc004646zzby7pp25x,Apto 1 Dorm - Cordón - Amueblado c/Balcón,,Cordón,UYU,35000,3600,1,1,
Veocasas,alquiler,https://veocasas.com/properties/cmrkpyyc30i1b2h222xxjcfml,Alquiler  De Apartamento Amoblado y Equipado JOY. 1 Dormitorio. Pocitos,Apartamento,Pocitos,USD,1100,10700,1,1,
Veocasas,alquiler,https://veocasas.com/properties/cmqvcfjlr07nmgjy7ob21wvn7,Apartamento en alquiler en La Teja,Apartamento,La Teja,UYU,20000,,1,1,45.0
Veocasas,alquiler,https://veocasas.com/properties/cmqul0kyq044k3dm2j3b7cd5b,Alquiler de apartamento de 1 dormitorio en Cordón,Apartamento,Cordón,UYU,28000,5000,1,1,45.0
Veocasas,alquiler,https://veocasas.com/properties/cmrmj82ea00ph7y9mtgcv5u71,SE ALQUILA APRTAMENTO A ESTRENAR 2 DORMITORIOS PARQUE BATLLE,,Parque Batlle,USD,39800,6000,2,1,56.0
Veocasas,alquiler,https://veocasas.com/properties/cmph11t5z00fum3j2840gtxit,Alquiler apartamento dúplex de 1 dormitorio EQUIPADO Pocitos - Ref 2210,Apartamento,Pocitos,USD,750,3530,1,1,
Veocasas,alquiler,https://veocasas.com/properties/cmrc5c519077b2h22br77mb44,Alquiler Apartamento 1 Dormitorio en La Blanqueada,Apartamento,La Blanqueada,UYU,26000,4300,1,1,
Veocasas,alquiler,https://veocasas.com/properties/cmri2nmpb01i9113s0d6ykwde,ALQUILER PREDIO LOGISTICO DE 15.000 m² +2 GALPONES - PASO DE LA ARENA MONTEVIDEO,,Paso de la Arena,UYU,90000,,,,15000.0
Veocasas,alquiler,https://veocasas.com/properties/cmrarvemt06xm10p0s7hn3f5t,ALQUILER APARTAMENTO 2 DORMITORIOS Y TERRAZA CERRADA EN PARQUE BATLLE,Apartamento,Parque Batlle,UYU,28000,2900,2,1,60.0
Veocasas,alquiler,https://veocasas.com/properties/cmrg0m8cu46ffdxg0vgcqhhij,Apartamento de 1 dormitorio con gran patio con parrillero en Punta Carretas,Apartamento,Punta Carretas,USD,1150,,1,1,58.0
Veocasas,alquiler,https://veocasas.com/properties/cmrg0m86k46eqdxg0atsikwav,Alquiler de apartamento a estrenar de 1 dormitorio en Cordón,Apartamento,Cordón,UYU,33000,4500,1,1,49.0
Veocasas,alquiler,https://veocasas.com/properties/cmqshclc0046m1lbta1u3fybh,"Alquiler apartamento de 1 dormitorio, planta baja- Carrasco Norte",Apartamento,Carrasco Norte,UYU,24500,2000,1,1,32.1
Veocasas,alquiler,https://veocasas.com/properties/cmob4tujj00z5dfl1srw26mfx,Apartamento de 1 dormitorio en alquiler La Blanqueada con amenities,Apartamento,La Blanqueada,UYU,25900,5000,1,1,55.0
Veocasas,alquiler,https://veocasas.com/properties/cmp4culx122i6yw2keviynsep,Venta/Alquiler apartamento 1 dormitorio + garaje Pocitos Nuevo - Ref 143,Apartamento,Pocitos Nuevo,UYU,31500,8000,1,1,
Veocasas,alquiler,https://veocasas.com/properties/cmqqxyttu03r3gjy7v1dslsvu,Divino nuevo todo al frente 2 dormitorios balcón Barbacoa op.garaje,,,UYU,29000,5800,2,1,800.0
Veocasas,alquiler,https://veocasas.com/properties/cmodzpi0y00l2ndirqpe2ee7a,Exclusivo apartamento en alquiler en primera línea de la rambla de Pocitos equipado,Apartamento,Pocitos,USD,3900,38750,3,4,250.0
Veocasas,alquiler,https://veocasas.com/properties/cmq15jlb8001r13tgg5wfbo2y,Alquiler Unión Local comercial de 250m2 sobre 8 de octubre,Local Comercial,Unión,UYU,185000,,,,250.0
Veocasas,alquiler,https://veocasas.com/properties/cmpnpslil03u4m34ndcgttq9h,Alquiler Apartamento 3 Dormitorios 2 Baños en Pocitos,Apartamento,Pocitos,UYU,41000,5900,3,2,59.0
Veocasas,alquiler,https://veocasas.com/properties/cmr24a3br00jjlodebx0xvity,"Local en pleno centro, ideal varios rubros",Local,Centro,UYU,70000,,,,
Veocasas,alquiler,https://veocasas.com/properties/cmqshcsw5048m1lbtix7e67a5,Alquiler de Apartamento Totalmente Equipado - Cordón Sur,Apartamento,Cordón Sur,UYU,36000,4600,1,1,
Veocasas,alquiler,https://veocasas.com/properties/cmqv6gufo06ubidzw3srqen2y,Alquiler monoambiente en complejo cerrado- Carrasco Norte,Apartamento,Carrasco Norte,UYU,22500,2000,0,1,23.9
Veocasas,alquiler,https://veocasas.com/properties/cmr27ie2g08od18um1yuywyzm,Alquiler De Local Comercial Con Garage En Zona Cordón.,Local Comercial,Cordón,UYU,25000,2700,,,
Veocasas,alquiler,https://veocasas.com/properties/cmpi01e5f00xdm3j2nt64cevk,Apartamento de 1 dormitorio en alquiler,Apartamento,,UYU,28500,4500,1,1,45.0
Veocasas,alquiler,https://veocasas.com/properties/cmlz7fj3e000413v5ll0t3yx1,"Alquiler Apartamento 2 DORMITORIOS, Cordón, Montevideo.",Apartamento,Cordón,UYU,35000,5500,2,1,
Veocasas,alquiler,https://veocasas.com/properties/cmqfi75c501iz3soqe2khfcxl,Alquiler apartamento 3 dormitorios + servicio | Pocitos,Apartamento,Pocitos,UYU,60000,17000,4,3,112.0
Veocasas,alquiler,https://veocasas.com/properties/cmqj5hjf100s4syo4kfpnnx7e,"Espectacular Penthouse con vista al mar, parrillero y estufa a leña",,,USD,3500,30770,4,2,194.0
Veocasas,alquiler,https://veocasas.com/properties/cmqgalniy02v511li3b5cir5m,SE ALQUILA APARTAMENTO EN PUNTA GORDA EN IMPECABLE ESTADO,Apartamento,Punta Gorda,UYU,68000,,3,2,188.0
Veocasas,alquiler,https://veocasas.com/properties/cmmu9lot31pri101o2lt26fpm,Apartamento de 2 dormitorios en alquiler Cordón,Apartamento,Cordón,UYU,33900,6000,2,1,63.0
